archivo,filas,columnas,papel,sha256
datos/auditoria/Cambios_aplicados_v6.csv,12,6,datos del paquete vigente,33bd945170e9dc8aff29e11146e1b95faa4a28bac93283b58a7c1197d1caeb42
datos/auditoria/busqueda_texto_completo_registro.csv,715,18,datos del paquete vigente,efdadf8d3ff10477af1fbfc45aa8fd62a004295c55b6ca5af8f905cd906198be
datos/auditoria/cambios_respecto_version_auditada.csv,93,7,datos del paquete vigente,0e9751b7ffcf4ff94c1d8d7adbcd6e7047656a9e90cb29933b4593afc2cfbfdf
datos/auditoria/incidencias_respuesta.csv,27,17,datos del paquete vigente,13ec55ec19cdfa69cb3fa86dc4fb97e7e21012e0448389d2aacae8fb5e8c6b30
datos/auditoria/incorporaciones_v8.csv,11,8,datos del paquete vigente,4ab0b7c6b76d2373120a26d1be2dd8734a98fc8bce4cf07c7a294a1bd75f7588
datos/auditoria/indice_evidencia_textual.csv,1746,5,datos del paquete vigente,1afa6e655a5dc4c281d2e270d1fc7fc9daa359b48414da6a72654f351b84c5f1
datos/auditoria/normalizacion_repositorio.csv,6,5,datos del paquete vigente,f3c4630cca0eded2533d174eaf774a5d544dcfa37be913ae3e4ee2ffd47afa44
datos/extraccion/estudios_incluidos.csv,550,107,datos del paquete vigente,110f402f3115f354a0c358fd6edd2d1f8f9468cd751501482b5a8d32854ca123
datos/extraccion/incorporaciones_v8.csv,11,107,datos del paquete vigente,81af2303646c9dae6e851f94f784a28778b4cfa00699d9283ba8347ec3757ea1
datos/recursos/inventario_RQ3_unidades_verificado.csv,149,52,datos del paquete vigente,403dc6d78e4bcd1a4e3a27b048766ac10cd2aacd015d025b9c8c1553a30c1d7a
datos/recursos/rq3_pares_estudio_unidad.csv,937,23,datos del paquete vigente,e1a643252f5762074c1f92076a57861abf2c1cfed8187d6e6be3134f1a5288aa
datos/seleccion/descubrimiento_arxiv_v8.csv,300,9,datos del paquete vigente,64655f8cc33c838b850c21a5628e8d4e82ecc34d89984bfe4d6ffa80de42b19e
datos/seleccion/pendientes_texto_completo.csv,267,19,datos del paquete vigente,bd6238db9b2d1b79849bd1ce795af6e801f3966728fdf33c1e48a3e74fcbbfe3
datos/seleccion/seleccion_global_cribado.csv,1757,71,datos del paquete vigente,1186050abe6aaaaead941c987ef2d7787428f215b56dbdf13b9e82f3d4cc03dd
datos/versiones_previas/conciliacion_cifras_aportada.csv,276,3,histórico; no usar como base vigente,8776c94fd98ad84b8e3e3fd7553d1bea9fae57939b70ceb409d03e734efac732
datos/versiones_previas/estudios_incluidos_v7.csv,539,96,histórico; no usar como base vigente,29532a350d41fefdf5778816b815d37aa2cbaeef595246ce76073faea927b5f4
datos/versiones_previas/extraccion_completa_incluidos.csv,539,96,histórico; no usar como base vigente,d3797ed170e00d18fccc6dec4337bd7322d1c90482d7fc42382ced712d6e4f47
datos/versiones_previas/extraccion_completa_incluidos_v6.csv,539,98,histórico; no usar como base vigente,77311def5cb25782f720672fb56f9c56e29494528ca63f6b3aac0981265bf2f0
datos/versiones_previas/manifiesto_ficheros_aportado.csv,12,7,histórico; no usar como base vigente,333fbe0592c7580dccae86240568a92ed8e3fc45c63c1c5c8420591186098e67
