rid,indice_arxiv,doi,metadatos_editoriales,texto_abierto,sha256_texto,decision,interpretacion
PUB-68f8af51c819,0,10.1109/re68928.2026.00070,fuentes_ampliacion_v8/fuentes/0/crossref.json,https://arxiv.org/abs/2609.28002v1,11a83a52e151a3d960eb6dc929a74bfbb53f992f31b6f515f1ee0e5e350ba5d5,INCLUIDO,"La representación de cambios mediante grafos facilita inspeccionar relaciones en requisitos complejos, pero añade trabajo en textos breves. La evaluación exploratoria no permite atribuir una mejora de precisión o productividad al procedimiento."
PUB-5dad921f98a5,24,10.1007/978-3-031-95901-1_11,fuentes_ampliacion_v8/fuentes/24/crossref.json,https://arxiv.org/abs/2605.07320v1,75ddacebf557c73aeb35c8c7e267a19c3dfe6c7b4d353faa4ef26ba813fa2aa8,INCLUIDO,"La descomposición asistida produce tareas que requieren selección humana. El experimento respalda su utilidad como apoyo a la planificación, pero la generación de más tareas no equivale a una descomposición correcta ni a mayor productividad."
PUB-68e04c3fe66e,43,10.1007/s00766-026-00460-1,fuentes_ampliacion_v8/fuentes/43/crossref.json,https://arxiv.org/abs/2602.01253v1,7c1271834669488b575950916b29560baf69fd73ce14068de4cec06ba2397d1e,INCLUIDO,"El rendimiento de trazabilidad depende de cómo se construyen las instrucciones y se seleccionan los ejemplos. Los modelos pequeños pueden competir con alternativas mayores bajo configuraciones concretas, lo que cuestiona usar el tamaño del modelo como criterio suficiente de selección."
PUB-2016a9131cdb,96,10.5220/0013360500003928,fuentes_ampliacion_v8/fuentes/96/crossref.json,https://arxiv.org/abs/2504.08666v1,5c5a7c03783649c3cd3e6ec16ddbe0e66c349387faa32758632f9d45cf862099,INCLUIDO,"La combinación de restricciones lógicas y generación permite proponer historias dentro de una familia de productos. El caso muestra complementariedad entre reglas explícitas y un modelo generativo, pero no establece ventaja general frente a otros modelos."
PUB-401945ba6ade,101,10.1007/s10664-026-10827-1,fuentes_ampliacion_v8/fuentes/101/crossref.json,https://arxiv.org/abs/2502.04916v8,55a0d9643b8a8e2628e9cb7876520ee019816de77648d6d98b1a66ba7782deca,INCLUIDO,"El cambio de colección y complejidad legal reduce la utilidad de un clasificador ajustado en otro contexto. Las instrucciones contextualizadas mejoran la recuperación, aunque los falsos positivos mantienen necesaria la revisión experta de los vínculos propuestos."
PUB-1a06f4ff5a2f,105,10.1109/icse55347.2025.00217,fuentes_ampliacion_v8/fuentes/105/crossref.json,https://arxiv.org/abs/2501.15181v2,b45b1a1e02613a56f505556e400a1615011e5a31f5c1047f5d569794d822a0c8,INCLUIDO,Los problemas registrados por usuarios pueden revelar condiciones de aceptación que no surgen en la historia inicial. La valoración experta de su pertinencia no resuelve automáticamente los conflictos o solapamientos entre los nuevos criterios y otros requisitos del sistema.
PUB-0d472267bb2b,121,10.1109/re59067.2024.00046,fuentes_ampliacion_v8/fuentes/121/crossref.json,https://arxiv.org/abs/2408.10886v1,c46308f7a23bf7f899fa2a5b148cbdbe4f30587488e48eb079454c896de7f258,INCLUIDO,"La calidad se examina mediante juicios de personas sobre defectos, explicaciones y propuestas de mejora. El acuerdo con un modelo depende de cómo se define la referencia humana, por lo que una explicación plausible no garantiza que el requisito resultante sea correcto."
PUB-f27e83d36584,130,10.5220/0012619200003693,fuentes_ampliacion_v8/fuentes/130/crossref.json,https://arxiv.org/abs/2406.16259v1,41d3d5b90c8b72835058bfcaca234a6895f3a566e404ce26579c2152d5aebfce,INCLUIDO,"La herramienta combina revisión de legibilidad, recomendaciones y estimación de esfuerzo. La aceptación por profesionales respalda su facilidad de uso, pero no sustituye una evaluación de la exactitud de cada recomendación ni de su transferencia entre proyectos."
PUB-80f665115465,140,10.1109/re59067.2024.00056,fuentes_ampliacion_v8/fuentes/140/crossref.json,https://arxiv.org/abs/2404.17842v1,cf06adde2bf8d4e55c79fd63414fc06e6686e3a6efd1223ac6781a5369ccd0d0,INCLUIDO,"La calidad de la especificación varía según la sección y el modelo empleado. La rapidez de obtener un borrador debe valorarse junto al esfuerzo necesario para detectar omisiones, revisar contenido genérico y corregir inconsistencias."
PUB-6e228fc8b8f9,146,10.1007/978-3-031-61154-4_8,fuentes_ampliacion_v8/fuentes/146/crossref.json,https://arxiv.org/abs/2403.09442v1,9030ab3282e9e232c3800877083c5448b7e0ca8ab711d0e738fa851e656dcf57,INCLUIDO,"La mejora percibida de historias en equipos industriales muestra una aplicación situada de agentes. Su utilidad depende de instrucciones, contexto y supervisión, y el carácter preliminar del estudio impide extrapolar el resultado a todos los equipos ágiles."
PUB-9bff208ad23c,196,10.1142/s1469026826500379,fuentes_ampliacion_v8/fuentes/196/crossref.json,https://arxiv.org/abs/2211.05286v1,fc049d0a2ad0f0fecdd61301f881f5ef263309c84fc4279571032436b17c33da,INCLUIDO,El estudio compara representaciones aprendidas con vectores previamente entrenados en la separación de requisitos funcionales y no funcionales. Sus resultados ilustran que la adecuación de la representación al conjunto evaluado debe comprobarse antes de preferir un recurso genérico.
