familia,tarea,estudios
codificador_bert,ambiguedad_y_calidad,21
codificador_bert,clasificacion,53
codificador_bert,extraccion_a_modelos_u_ontologias,24
codificador_bert,generacion,4
codificador_bert,otra,4
codificador_bert,priorizacion,2
codificador_bert,similitud_y_recuperacion,9
embeddings,ambiguedad_y_calidad,7
embeddings,clasificacion,25
embeddings,extraccion_a_modelos_u_ontologias,9
embeddings,generacion,3
embeddings,otra,2
embeddings,priorizacion,1
embeddings,similitud_y_recuperacion,17
embeddings,trazabilidad,3
grafo_conocimiento,ambiguedad_y_calidad,6
grafo_conocimiento,clasificacion,2
grafo_conocimiento,extraccion_a_modelos_u_ontologias,17
grafo_conocimiento,generacion,2
grafo_conocimiento,trazabilidad,3
llm_generativo,ambiguedad_y_calidad,37
llm_generativo,clasificacion,28
llm_generativo,extraccion_a_modelos_u_ontologias,71
llm_generativo,generacion,95
llm_generativo,otra,14
llm_generativo,priorizacion,6
llm_generativo,similitud_y_recuperacion,2
llm_generativo,trazabilidad,12
marcos_roles,clasificacion,6
marcos_roles,extraccion_a_modelos_u_ontologias,7
marcos_roles,generacion,1
marcos_roles,similitud_y_recuperacion,3
ontologia,ambiguedad_y_calidad,8
ontologia,clasificacion,5
ontologia,extraccion_a_modelos_u_ontologias,27
ontologia,generacion,2
ontologia,trazabilidad,5
otro,ambiguedad_y_calidad,1
otro,clasificacion,1
otro,extraccion_a_modelos_u_ontologias,6
otro,generacion,2
similitud_semantica,ambiguedad_y_calidad,8
similitud_semantica,clasificacion,5
similitud_semantica,extraccion_a_modelos_u_ontologias,17
similitud_semantica,generacion,3
similitud_semantica,priorizacion,1
similitud_semantica,similitud_y_recuperacion,10
similitud_semantica,trazabilidad,5
tesauro_glosario,ambiguedad_y_calidad,2
tesauro_glosario,clasificacion,1
tesauro_glosario,extraccion_a_modelos_u_ontologias,2
tesauro_glosario,generacion,2
tesauro_glosario,trazabilidad,1
transformer_otro,ambiguedad_y_calidad,3
transformer_otro,clasificacion,17
transformer_otro,extraccion_a_modelos_u_ontologias,5
transformer_otro,generacion,9
transformer_otro,otra,1
transformer_otro,similitud_y_recuperacion,3
transformer_otro,trazabilidad,1
wordnet,ambiguedad_y_calidad,3
wordnet,clasificacion,1
wordnet,extraccion_a_modelos_u_ontologias,7
