categoria,n,denominador,porcentaje
directo: multilingüe con el español documentado,92,318,28.9308
directo: nativo en español,2,318,0.6289
indeterminado: depende de la versión,1,318,0.3145
sin soporte documentado; adaptación del mismo recurso,153,318,48.1132
sin soporte documentado; alternativa distinta,11,318,3.4591
sin soporte documentado; sin equivalente identificado,18,318,5.6604
sin soporte documentado; versión multilingüe del mismo recurso,16,318,5.0314
soporte desconocido; alternativa distinta,15,318,4.7170
soporte desconocido; sin equivalente identificado,10,318,3.1447
