fichero,filas,sha256,artifact_id,version_id,contenido,papel
seleccion_global_cribado.csv,1746,704d60ec2a0c4f5452902d4da598cea2e31d31e685cfd7c2208d9fc84c140f29,65caef81-750d-4a6f-8a08-ab5153c9114a,9252af2f-f199-414f-92f0-d227b888f18c,"decisión, citas, pasadas, base de la decisión, identidad documental, correcciones y estado de cada registro",fichero de esta versión
extraccion_completa_incluidos.csv,539,d3797ed170e00d18fccc6dec4337bd7322d1c90482d7fc42382ced712d6e4f47,c31582a3-ea72-45ad-8897-a4a5098a7921,d33bfb64-43ae-4d5c-acd3-416ebd24ebec,"extracción de los 539 incluidos: tarea, contribución, lengua de los datos, disponibilidad, recursos, unidades de la RQ3 y evaluación, con sus citas",fichero de esta versión
rq3_pares_estudio_unidad.csv,861,75590056f000f3434fa20f7e4548099f48276b0dcca8ee2a78c80003d024f52c,de9b765d-a949-4721-893d-a496da077ab7,52db099e-f5d8-454d-8f15-4fe2e9846ed9,"cada recurso que nombra cada incluido, con su unidad normalizada, su versión, su rol, su cita y si cuenta como uso",fichero de esta versión
inventario_RQ3_unidades_verificado.csv,106,037092cd880f0cd5829fefc88cf944786a859411a8d220e9eb20ca9f9fe0324a,e2bf734b-b01d-4ad0-86ea-7daf501a6f9f,5e3b2617-f858-4e9e-8d0e-735d2d12ea88,"las 106 unidades con estudios, soporte, clase de alternativa, tipo de evidencia, acceso, licencia, fuentes y citas",fichero de esta versión
pendientes_texto_completo.csv,267,bd6238db9b2d1b79849bd1ce795af6e801f3966728fdf33c1e48a3e74fcbbfe3,4d0f4fe3-f41b-4bcb-923f-f1a8ada31688,c069517e-bca1-4b98-b49c-c1e8d177e20d,"los registros sin información suficiente, con las vías probadas, el cierre, el resultado y el destino",fichero de esta versión
incidencias_respuesta.csv,27,13ec55ec19cdfa69cb3fa86dc4fb97e7e21012e0448389d2aacae8fb5e8c6b30,2b5a3d5a-cc6f-43c7-8fd6-ec36bc5556cc,bd7c94aa-9556-4801-baff-7bdbe142fe71,"las incidencias de las auditorías, con su estado, la acción y el autor",fichero de esta versión
cambios_respecto_version_auditada.csv,93,0e9751b7ffcf4ff94c1d8d7adbcd6e7047656a9e90cb29933b4593afc2cfbfdf,03063918-820b-4836-bcaa-df9fbd5afad8,4178fdc1-6b99-4e7a-9b61-27e521c8fe77,"los cambios de estado y de campos respecto de la versión auditada, con su motivo",fichero de esta versión
textos_usados_verificacion.csv,1746,c32c91444399c02928bb40468cc2e5891b3c4cf891f3e31e53a0e485d50462d3,285e31dc-9d68-4349-a408-9b121a055446,58492a6d-960b-4254-a0ce-9fa9b22e7288,el texto con el que se decidió cada registro,fichero de esta versión
busqueda_texto_completo_registro.csv,715,efdadf8d3ff10477af1fbfc45aa8fd62a004295c55b6ca5af8f905cd906198be,d61394ab-250e-4733-9564-dceddbff44b6,5186ef2d-9f13-4b8c-ac45-a778d256ce77,cada intento de recuperación de texto completo,fichero de esta versión
conciliacion_cifras_resultado.csv,276,8776c94fd98ad84b8e3e3fd7553d1bea9fae57939b70ceb409d03e734efac732,93be170b-e440-4793-8bf1-426f60415926,cc2b3e7a-8865-4de4-b389-e6b4420e437b,"salida del guion de conciliación: grupo, medida y valor de cada cifra recalculada",fichero de esta versión
seleccion_global_cribado.csv,1746,2795e652c64c3cc411c57abb639c629a8a8e6da15af675508e98f30aac475633,65caef81-750d-4a6f-8a08-ab5153c9114a,bf85805e-0232-4e2a-bd00-f9a39b1b361b,"versión 1 del artefacto, la que examinó el dictamen actualizado",versión auditada (referencia)
extraccion_completa_incluidos.csv,533,e6932b9c56163ffcd5f1115990ea2fba98c952dff0031adf1193e866564ebbde,c31582a3-ea72-45ad-8897-a4a5098a7921,c7a4541e-1cb0-4981-a4d6-dcecc9cc7298,"versión 2 del artefacto, la que examinó el dictamen actualizado",versión auditada (referencia)
